create database exercicio3
go
use exercicio3

create table equipe(
codigo int not null,
nome varchar(50) not null
primary key (codigo))

create table piloto(
numero int not null,
nome varchar(200) not null,
equipe int not null
primary key (numero)
foreign key (equipe) references equipe(codigo))

create table corrida(
codigo int not null,
pais varchar(100) not null
primary key (codigo))

create table temporada(
numero_piloto int not null,
codigo_corrida int not null,
posicao int not null CHECK(posicao >= 0 AND posicao < 22),
pontos int null CHECK(pontos >= 0 AND pontos <= 50)
primary key (numero_piloto, codigo_corrida)
foreign key (numero_piloto) references piloto (numero),
foreign key (codigo_corrida) references corrida (codigo))

INSERT INTO equipe VALUES(1,' McLaren')
INSERT INTO equipe VALUES(2,' Ferrari')
INSERT INTO equipe VALUES(3,' Sauber')
INSERT INTO equipe VALUES(4,' Toro Rosso')
INSERT INTO equipe VALUES(5,' Mercedes')
INSERT INTO equipe VALUES(6,' Caterham')
INSERT INTO equipe VALUES(7,' Williams')
INSERT INTO equipe VALUES(8,' Red Bull Racing')
INSERT INTO equipe VALUES(9,' Force India')
INSERT INTO equipe VALUES(10,' Marussia')
INSERT INTO equipe VALUES(11,' Lotus')

INSERT INTO piloto VALUES(44,' Lewis Hamilton',5)
INSERT INTO piloto VALUES(6,' Nico Rosberg',5)
INSERT INTO piloto VALUES(3,' Daniel Ricciardo',8)
INSERT INTO piloto VALUES(77,' Valtteri Bottas',7)
INSERT INTO piloto VALUES(1,' Sebastian Vettel',8)
INSERT INTO piloto VALUES(14,' Fernando Alonso',2)
INSERT INTO piloto VALUES(19,' Felipe Massa',7)
INSERT INTO piloto VALUES(22,' Jenson Button',1)
INSERT INTO piloto VALUES(27,' Nico Hülkenberg',9)
INSERT INTO piloto VALUES(11,' Sergio Pérez',9)
INSERT INTO piloto VALUES(20,' Kevin Magnussen',1)
INSERT INTO piloto VALUES(7,' Kimi Räikkönen',2)
INSERT INTO piloto VALUES(25,' Jean-Éric Vergne',4)
INSERT INTO piloto VALUES(8,' Romain Grosjean',11)
INSERT INTO piloto VALUES(26,' Daniil Kvyat',4)
INSERT INTO piloto VALUES(13,' Pastor Maldonado',11)
INSERT INTO piloto VALUES(17,' Jules Bianchi',10)
INSERT INTO piloto VALUES(99,' Adrian Sutil',3)
INSERT INTO piloto VALUES(9,' Marcus Ericsson',6)
INSERT INTO piloto VALUES(21,' Esteban Gutiérrez',3)
INSERT INTO piloto VALUES(4,' Max Chilton',10)
INSERT INTO piloto VALUES(10,' Kamui Kobayashi',6)
INSERT INTO piloto VALUES(46,' Will Stevens',6)
INSERT INTO piloto VALUES(45,' André Lotterer',6)

INSERT INTO corrida VALUES(1,'AUS')
INSERT INTO corrida VALUES(2,'MAL')
INSERT INTO corrida VALUES(3,'BHR')
INSERT INTO corrida VALUES(4,'CHN')
INSERT INTO corrida VALUES(5,'ESP')
INSERT INTO corrida VALUES(6,'MON')
INSERT INTO corrida VALUES(7,'CAN')
INSERT INTO corrida VALUES(8,'AUT')
INSERT INTO corrida VALUES(9,'GBR')
INSERT INTO corrida VALUES(10,'ALE')
INSERT INTO corrida VALUES(11,'HUN')
INSERT INTO corrida VALUES(12,'BEL')
INSERT INTO corrida VALUES(13,'ITA')
INSERT INTO corrida VALUES(14,'SIN')
INSERT INTO corrida VALUES(15,'JAP')
INSERT INTO corrida VALUES(16,'RUS')
INSERT INTO corrida VALUES(17,'EUA')
INSERT INTO corrida VALUES(18,'BRA')
INSERT INTO corrida VALUES(19,'UAE')

INSERT INTO temporada VALUES (44,1,0,NULL)
INSERT INTO temporada VALUES (6,1,1,NULL)
INSERT INTO temporada VALUES (3,1,0,NULL)
INSERT INTO temporada VALUES (77,1,5,NULL)
INSERT INTO temporada VALUES (1,1,0,NULL)
INSERT INTO temporada VALUES (14,1,4,NULL)
INSERT INTO temporada VALUES (19,1,0,NULL)
INSERT INTO temporada VALUES (22,1,3,NULL)
INSERT INTO temporada VALUES (27,1,6,NULL)
INSERT INTO temporada VALUES (11,1,10,NULL)
INSERT INTO temporada VALUES (20,1,2,NULL)
INSERT INTO temporada VALUES (7,1,7,NULL)
INSERT INTO temporada VALUES (25,1,8,NULL)
INSERT INTO temporada VALUES (8,1,0,NULL)
INSERT INTO temporada VALUES (26,1,9,NULL)
INSERT INTO temporada VALUES (13,1,0,NULL)
INSERT INTO temporada VALUES (17,1,0,NULL)
INSERT INTO temporada VALUES (99,1,11,NULL)
INSERT INTO temporada VALUES (9,1,0,NULL)
INSERT INTO temporada VALUES (21,1,12,NULL)
INSERT INTO temporada VALUES (4,1,13,NULL)
INSERT INTO temporada VALUES (10,1,0,NULL)
INSERT INTO temporada VALUES (44,2,1,NULL)
INSERT INTO temporada VALUES (6,2,2,NULL)
INSERT INTO temporada VALUES (3,2,0,NULL)
INSERT INTO temporada VALUES (77,2,8,NULL)
INSERT INTO temporada VALUES (1,2,3,NULL)
INSERT INTO temporada VALUES (14,2,4,NULL)
INSERT INTO temporada VALUES (19,2,7,NULL)
INSERT INTO temporada VALUES (22,2,6,NULL)
INSERT INTO temporada VALUES (27,2,5,NULL)
INSERT INTO temporada VALUES (11,2,0,NULL)
INSERT INTO temporada VALUES (20,2,9,NULL)
INSERT INTO temporada VALUES (7,2,12,NULL)
INSERT INTO temporada VALUES (25,2,0,NULL)
INSERT INTO temporada VALUES (8,2,11,NULL)
INSERT INTO temporada VALUES (26,2,10,NULL)
INSERT INTO temporada VALUES (13,2,0,NULL)
INSERT INTO temporada VALUES (17,2,0,NULL)
INSERT INTO temporada VALUES (99,2,0,NULL)
INSERT INTO temporada VALUES (9,2,14,NULL)
INSERT INTO temporada VALUES (21,2,0,NULL)
INSERT INTO temporada VALUES (4,2,15,NULL)
INSERT INTO temporada VALUES (10,2,13,NULL)
INSERT INTO temporada VALUES (44,3,1,NULL)
INSERT INTO temporada VALUES (6,3,2,NULL)
INSERT INTO temporada VALUES (3,3,4,NULL)
INSERT INTO temporada VALUES (77,3,8,NULL)
INSERT INTO temporada VALUES (1,3,6,NULL)
INSERT INTO temporada VALUES (14,3,9,NULL)
INSERT INTO temporada VALUES (19,3,7,NULL)
INSERT INTO temporada VALUES (22,3,17,NULL)
INSERT INTO temporada VALUES (27,3,5,NULL)
INSERT INTO temporada VALUES (11,3,3,NULL)
INSERT INTO temporada VALUES (20,3,0,NULL)
INSERT INTO temporada VALUES (7,3,10,NULL)
INSERT INTO temporada VALUES (25,3,0,NULL)
INSERT INTO temporada VALUES (8,3,12,NULL)
INSERT INTO temporada VALUES (26,3,11,NULL)
INSERT INTO temporada VALUES (13,3,14,NULL)
INSERT INTO temporada VALUES (17,3,16,NULL)
INSERT INTO temporada VALUES (99,3,0,NULL)
INSERT INTO temporada VALUES (9,3,0,NULL)
INSERT INTO temporada VALUES (21,3,0,NULL)
INSERT INTO temporada VALUES (4,3,13,NULL)
INSERT INTO temporada VALUES (10,3,15,NULL)
INSERT INTO temporada VALUES (44,4,1,NULL)
INSERT INTO temporada VALUES (6,4,2,NULL)
INSERT INTO temporada VALUES (3,4,4,NULL)
INSERT INTO temporada VALUES (77,4,7,NULL)
INSERT INTO temporada VALUES (1,4,5,NULL)
INSERT INTO temporada VALUES (14,4,3,NULL)
INSERT INTO temporada VALUES (19,4,15,NULL)
INSERT INTO temporada VALUES (22,4,11,NULL)
INSERT INTO temporada VALUES (27,4,6,NULL)
INSERT INTO temporada VALUES (11,4,9,NULL)
INSERT INTO temporada VALUES (20,4,13,NULL)
INSERT INTO temporada VALUES (7,4,8,NULL)
INSERT INTO temporada VALUES (25,4,11,NULL)
INSERT INTO temporada VALUES (8,4,0,NULL)
INSERT INTO temporada VALUES (26,4,10,NULL)
INSERT INTO temporada VALUES (13,4,14,NULL)
INSERT INTO temporada VALUES (17,4,17,NULL)
INSERT INTO temporada VALUES (99,4,0,NULL)
INSERT INTO temporada VALUES (9,4,20,NULL)
INSERT INTO temporada VALUES (21,4,16,NULL)
INSERT INTO temporada VALUES (4,4,19,NULL)
INSERT INTO temporada VALUES (10,4,18,NULL)
INSERT INTO temporada VALUES (44,5,1,NULL)
INSERT INTO temporada VALUES (6,5,2,NULL)
INSERT INTO temporada VALUES (3,5,3,NULL)
INSERT INTO temporada VALUES (77,5,5,NULL)
INSERT INTO temporada VALUES (1,5,4,NULL)
INSERT INTO temporada VALUES (14,5,6,NULL)
INSERT INTO temporada VALUES (19,5,13,NULL)
INSERT INTO temporada VALUES (22,5,11,NULL)
INSERT INTO temporada VALUES (27,5,10,NULL)
INSERT INTO temporada VALUES (11,5,9,NULL)
INSERT INTO temporada VALUES (20,5,12,NULL)
INSERT INTO temporada VALUES (7,5,7,NULL)
INSERT INTO temporada VALUES (25,5,0,NULL)
INSERT INTO temporada VALUES (8,5,8,NULL)
INSERT INTO temporada VALUES (26,5,14,NULL)
INSERT INTO temporada VALUES (13,5,15,NULL)
INSERT INTO temporada VALUES (17,5,18,NULL)
INSERT INTO temporada VALUES (99,5,17,NULL)
INSERT INTO temporada VALUES (9,5,20,NULL)
INSERT INTO temporada VALUES (21,5,16,NULL)
INSERT INTO temporada VALUES (4,5,19,NULL)
INSERT INTO temporada VALUES (10,5,0,NULL)
INSERT INTO temporada VALUES (44,6,2,NULL)
INSERT INTO temporada VALUES (6,6,1,NULL)
INSERT INTO temporada VALUES (3,6,3,NULL)
INSERT INTO temporada VALUES (77,6,0,NULL)
INSERT INTO temporada VALUES (1,6,0,NULL)
INSERT INTO temporada VALUES (14,6,4,NULL)
INSERT INTO temporada VALUES (19,6,7,NULL)
INSERT INTO temporada VALUES (22,6,6,NULL)
INSERT INTO temporada VALUES (27,6,5,NULL)
INSERT INTO temporada VALUES (11,6,0,NULL)
INSERT INTO temporada VALUES (20,6,10,NULL)
INSERT INTO temporada VALUES (7,6,12,NULL)
INSERT INTO temporada VALUES (25,6,0,NULL)
INSERT INTO temporada VALUES (8,6,8,NULL)
INSERT INTO temporada VALUES (26,6,0,NULL)
INSERT INTO temporada VALUES (13,6,0,NULL)
INSERT INTO temporada VALUES (17,6,9,NULL)
INSERT INTO temporada VALUES (99,6,0,NULL)
INSERT INTO temporada VALUES (9,6,11,NULL)
INSERT INTO temporada VALUES (21,6,0,NULL)
INSERT INTO temporada VALUES (4,6,14,NULL)
INSERT INTO temporada VALUES (10,6,13,NULL)
INSERT INTO temporada VALUES (44,7,0,NULL)
INSERT INTO temporada VALUES (6,7,2,NULL)
INSERT INTO temporada VALUES (3,7,1,NULL)
INSERT INTO temporada VALUES (77,7,7,NULL)
INSERT INTO temporada VALUES (1,7,3,NULL)
INSERT INTO temporada VALUES (14,7,6,NULL)
INSERT INTO temporada VALUES (19,7,12,NULL)
INSERT INTO temporada VALUES (22,7,4,NULL)
INSERT INTO temporada VALUES (27,7,5,NULL)
INSERT INTO temporada VALUES (11,7,11,NULL)
INSERT INTO temporada VALUES (20,7,9,NULL)
INSERT INTO temporada VALUES (7,7,10,NULL)
INSERT INTO temporada VALUES (25,7,8,NULL)
INSERT INTO temporada VALUES (8,7,0,NULL)
INSERT INTO temporada VALUES (26,7,0,NULL)
INSERT INTO temporada VALUES (13,7,0,NULL)
INSERT INTO temporada VALUES (17,7,0,NULL)
INSERT INTO temporada VALUES (99,7,13,NULL)
INSERT INTO temporada VALUES (9,7,0,NULL)
INSERT INTO temporada VALUES (21,7,14,NULL)
INSERT INTO temporada VALUES (4,7,0,NULL)
INSERT INTO temporada VALUES (10,7,0,NULL)
INSERT INTO temporada VALUES (44,8,2,NULL)
INSERT INTO temporada VALUES (6,8,1,NULL)
INSERT INTO temporada VALUES (3,8,8,NULL)
INSERT INTO temporada VALUES (77,8,3,NULL)
INSERT INTO temporada VALUES (1,8,0,NULL)
INSERT INTO temporada VALUES (14,8,5,NULL)
INSERT INTO temporada VALUES (19,8,4,NULL)
INSERT INTO temporada VALUES (22,8,11,NULL)
INSERT INTO temporada VALUES (27,8,9,NULL)
INSERT INTO temporada VALUES (11,8,6,NULL)
INSERT INTO temporada VALUES (20,8,7,NULL)
INSERT INTO temporada VALUES (7,8,10,NULL)
INSERT INTO temporada VALUES (25,8,0,NULL)
INSERT INTO temporada VALUES (8,8,14,NULL)
INSERT INTO temporada VALUES (26,8,0,NULL)
INSERT INTO temporada VALUES (13,8,12,NULL)
INSERT INTO temporada VALUES (17,8,15,NULL)
INSERT INTO temporada VALUES (99,8,13,NULL)
INSERT INTO temporada VALUES (9,8,18,NULL)
INSERT INTO temporada VALUES (21,8,19,NULL)
INSERT INTO temporada VALUES (4,8,17,NULL)
INSERT INTO temporada VALUES (10,8,16,NULL)
INSERT INTO temporada VALUES (44,9,1,NULL)
INSERT INTO temporada VALUES (6,9,0,NULL)
INSERT INTO temporada VALUES (3,9,3,NULL)
INSERT INTO temporada VALUES (77,9,2,NULL)
INSERT INTO temporada VALUES (1,9,5,NULL)
INSERT INTO temporada VALUES (14,9,6,NULL)
INSERT INTO temporada VALUES (19,9,0,NULL)
INSERT INTO temporada VALUES (22,9,4,NULL)
INSERT INTO temporada VALUES (27,9,8,NULL)
INSERT INTO temporada VALUES (11,9,11,NULL)
INSERT INTO temporada VALUES (20,9,7,NULL)
INSERT INTO temporada VALUES (7,9,0,NULL)
INSERT INTO temporada VALUES (25,9,10,NULL)
INSERT INTO temporada VALUES (8,9,12,NULL)
INSERT INTO temporada VALUES (26,9,9,NULL)
INSERT INTO temporada VALUES (13,9,17,NULL)
INSERT INTO temporada VALUES (17,9,14,NULL)
INSERT INTO temporada VALUES (99,9,13,NULL)
INSERT INTO temporada VALUES (9,9,0,NULL)
INSERT INTO temporada VALUES (21,9,0,NULL)
INSERT INTO temporada VALUES (4,9,16,NULL)
INSERT INTO temporada VALUES (10,9,15,NULL)
INSERT INTO temporada VALUES (44,10,3,NULL)
INSERT INTO temporada VALUES (6,10,1,NULL)
INSERT INTO temporada VALUES (3,10,6,NULL)
INSERT INTO temporada VALUES (77,10,2,NULL)
INSERT INTO temporada VALUES (1,10,4,NULL)
INSERT INTO temporada VALUES (14,10,5,NULL)
INSERT INTO temporada VALUES (19,10,0,NULL)
INSERT INTO temporada VALUES (22,10,8,NULL)
INSERT INTO temporada VALUES (27,10,7,NULL)
INSERT INTO temporada VALUES (11,10,10,NULL)
INSERT INTO temporada VALUES (20,10,9,NULL)
INSERT INTO temporada VALUES (7,10,11,NULL)
INSERT INTO temporada VALUES (25,10,13,NULL)
INSERT INTO temporada VALUES (8,10,0,NULL)
INSERT INTO temporada VALUES (26,10,0,NULL)
INSERT INTO temporada VALUES (13,10,12,NULL)
INSERT INTO temporada VALUES (17,10,15,NULL)
INSERT INTO temporada VALUES (99,10,0,NULL)
INSERT INTO temporada VALUES (9,10,18,NULL)
INSERT INTO temporada VALUES (21,10,14,NULL)
INSERT INTO temporada VALUES (4,10,17,NULL)
INSERT INTO temporada VALUES (10,10,16,NULL)
INSERT INTO temporada VALUES (44,11,3,NULL)
INSERT INTO temporada VALUES (6,11,4,NULL)
INSERT INTO temporada VALUES (3,11,1,NULL)
INSERT INTO temporada VALUES (77,11,8,NULL)
INSERT INTO temporada VALUES (1,11,7,NULL)
INSERT INTO temporada VALUES (14,11,2,NULL)
INSERT INTO temporada VALUES (19,11,5,NULL)
INSERT INTO temporada VALUES (22,11,10,NULL)
INSERT INTO temporada VALUES (27,11,0,NULL)
INSERT INTO temporada VALUES (11,11,0,NULL)
INSERT INTO temporada VALUES (20,11,12,NULL)
INSERT INTO temporada VALUES (7,11,6,NULL)
INSERT INTO temporada VALUES (25,11,9,NULL)
INSERT INTO temporada VALUES (8,11,0,NULL)
INSERT INTO temporada VALUES (26,11,14,NULL)
INSERT INTO temporada VALUES (13,11,13,NULL)
INSERT INTO temporada VALUES (17,11,15,NULL)
INSERT INTO temporada VALUES (99,11,11,NULL)
INSERT INTO temporada VALUES (9,11,0,NULL)
INSERT INTO temporada VALUES (21,11,0,NULL)
INSERT INTO temporada VALUES (4,11,16,NULL)
INSERT INTO temporada VALUES (10,11,0,NULL)
INSERT INTO temporada VALUES (44,12,0,NULL)
INSERT INTO temporada VALUES (6,12,2,NULL)
INSERT INTO temporada VALUES (3,12,1,NULL)
INSERT INTO temporada VALUES (77,12,3,NULL)
INSERT INTO temporada VALUES (1,12,5,NULL)
INSERT INTO temporada VALUES (14,12,7,NULL)
INSERT INTO temporada VALUES (19,12,13,NULL)
INSERT INTO temporada VALUES (22,12,6,NULL)
INSERT INTO temporada VALUES (27,12,10,NULL)
INSERT INTO temporada VALUES (11,12,8,NULL)
INSERT INTO temporada VALUES (20,12,12,NULL)
INSERT INTO temporada VALUES (7,12,4,NULL)
INSERT INTO temporada VALUES (25,12,11,NULL)
INSERT INTO temporada VALUES (8,12,0,NULL)
INSERT INTO temporada VALUES (26,12,9,NULL)
INSERT INTO temporada VALUES (13,12,0,NULL)
INSERT INTO temporada VALUES (17,12,18,NULL)
INSERT INTO temporada VALUES (99,12,14,NULL)
INSERT INTO temporada VALUES (9,12,17,NULL)
INSERT INTO temporada VALUES (21,12,15,NULL)
INSERT INTO temporada VALUES (4,12,16,NULL)
INSERT INTO temporada VALUES (45,12,0,NULL)
INSERT INTO temporada VALUES (44,13,1,NULL)
INSERT INTO temporada VALUES (6,13,2,NULL)
INSERT INTO temporada VALUES (3,13,5,NULL)
INSERT INTO temporada VALUES (77,13,4,NULL)
INSERT INTO temporada VALUES (1,13,6,NULL)
INSERT INTO temporada VALUES (14,13,0,NULL)
INSERT INTO temporada VALUES (19,13,3,NULL)
INSERT INTO temporada VALUES (22,13,8,NULL)
INSERT INTO temporada VALUES (27,13,12,NULL)
INSERT INTO temporada VALUES (11,13,7,NULL)
INSERT INTO temporada VALUES (20,13,10,NULL)
INSERT INTO temporada VALUES (7,13,9,NULL)
INSERT INTO temporada VALUES (25,13,13,NULL)
INSERT INTO temporada VALUES (8,13,16,NULL)
INSERT INTO temporada VALUES (26,13,11,NULL)
INSERT INTO temporada VALUES (13,13,14,NULL)
INSERT INTO temporada VALUES (17,13,18,NULL)
INSERT INTO temporada VALUES (99,13,13,NULL)
INSERT INTO temporada VALUES (9,13,19,NULL)
INSERT INTO temporada VALUES (21,13,19,NULL)
INSERT INTO temporada VALUES (4,13,0,NULL)
INSERT INTO temporada VALUES (10,13,17,NULL)
INSERT INTO temporada VALUES (44,14,1,NULL)
INSERT INTO temporada VALUES (6,14,0,NULL)
INSERT INTO temporada VALUES (3,14,3,NULL)
INSERT INTO temporada VALUES (77,14,11,NULL)
INSERT INTO temporada VALUES (1,14,2,NULL)
INSERT INTO temporada VALUES (14,14,4,NULL)
INSERT INTO temporada VALUES (19,14,5,NULL)
INSERT INTO temporada VALUES (22,14,0,NULL)
INSERT INTO temporada VALUES (27,14,9,NULL)
INSERT INTO temporada VALUES (11,14,7,NULL)
INSERT INTO temporada VALUES (20,14,10,NULL)
INSERT INTO temporada VALUES (7,14,8,NULL)
INSERT INTO temporada VALUES (25,14,6,NULL)
INSERT INTO temporada VALUES (8,14,13,NULL)
INSERT INTO temporada VALUES (26,14,14,NULL)
INSERT INTO temporada VALUES (13,14,12,NULL)
INSERT INTO temporada VALUES (17,14,16,NULL)
INSERT INTO temporada VALUES (99,14,0,NULL)
INSERT INTO temporada VALUES (9,14,15,NULL)
INSERT INTO temporada VALUES (21,14,0,NULL)
INSERT INTO temporada VALUES (4,14,17,NULL)
INSERT INTO temporada VALUES (10,14,0,NULL)
INSERT INTO temporada VALUES (44,15,1,NULL)
INSERT INTO temporada VALUES (6,15,2,NULL)
INSERT INTO temporada VALUES (3,15,4,NULL)
INSERT INTO temporada VALUES (77,15,6,NULL)
INSERT INTO temporada VALUES (1,15,3,NULL)
INSERT INTO temporada VALUES (14,15,0,NULL)
INSERT INTO temporada VALUES (19,15,7,NULL)
INSERT INTO temporada VALUES (22,15,5,NULL)
INSERT INTO temporada VALUES (27,15,8,NULL)
INSERT INTO temporada VALUES (11,15,10,NULL)
INSERT INTO temporada VALUES (20,15,14,NULL)
INSERT INTO temporada VALUES (7,15,12,NULL)
INSERT INTO temporada VALUES (25,15,9,NULL)
INSERT INTO temporada VALUES (8,15,15,NULL)
INSERT INTO temporada VALUES (26,15,11,NULL)
INSERT INTO temporada VALUES (13,15,16,NULL)
INSERT INTO temporada VALUES (17,15,20,NULL)
INSERT INTO temporada VALUES (99,15,21,NULL)
INSERT INTO temporada VALUES (9,15,17,NULL)
INSERT INTO temporada VALUES (21,15,13,NULL)
INSERT INTO temporada VALUES (4,15,18,NULL)
INSERT INTO temporada VALUES (10,15,19,NULL)
INSERT INTO temporada VALUES (44,16,1,NULL)
INSERT INTO temporada VALUES (6,16,2,NULL)
INSERT INTO temporada VALUES (3,16,7,NULL)
INSERT INTO temporada VALUES (77,16,3,NULL)
INSERT INTO temporada VALUES (1,16,8,NULL)
INSERT INTO temporada VALUES (14,16,6,NULL)
INSERT INTO temporada VALUES (19,16,11,NULL)
INSERT INTO temporada VALUES (22,16,4,NULL)
INSERT INTO temporada VALUES (27,16,12,NULL)
INSERT INTO temporada VALUES (11,16,10,NULL)
INSERT INTO temporada VALUES (20,16,5,NULL)
INSERT INTO temporada VALUES (7,16,9,NULL)
INSERT INTO temporada VALUES (25,16,13,NULL)
INSERT INTO temporada VALUES (8,16,17,NULL)
INSERT INTO temporada VALUES (26,16,14,NULL)
INSERT INTO temporada VALUES (13,16,18,NULL)
INSERT INTO temporada VALUES (17,16,0,NULL)
INSERT INTO temporada VALUES (99,16,16,NULL)
INSERT INTO temporada VALUES (9,16,19,NULL)
INSERT INTO temporada VALUES (21,16,15,NULL)
INSERT INTO temporada VALUES (4,16,0,NULL)
INSERT INTO temporada VALUES (10,16,0,NULL)
INSERT INTO temporada VALUES (44,17,1,NULL)
INSERT INTO temporada VALUES (6,17,2,NULL)
INSERT INTO temporada VALUES (3,17,3,NULL)
INSERT INTO temporada VALUES (77,17,5,NULL)
INSERT INTO temporada VALUES (1,17,7,NULL)
INSERT INTO temporada VALUES (14,17,6,NULL)
INSERT INTO temporada VALUES (19,17,4,NULL)
INSERT INTO temporada VALUES (22,17,12,NULL)
INSERT INTO temporada VALUES (27,17,0,NULL)
INSERT INTO temporada VALUES (11,17,0,NULL)
INSERT INTO temporada VALUES (20,17,8,NULL)
INSERT INTO temporada VALUES (7,17,13,NULL)
INSERT INTO temporada VALUES (25,17,10,NULL)
INSERT INTO temporada VALUES (8,17,11,NULL)
INSERT INTO temporada VALUES (26,17,15,NULL)
INSERT INTO temporada VALUES (13,17,9,NULL)
INSERT INTO temporada VALUES (17,17,0,NULL)
INSERT INTO temporada VALUES (99,17,0,NULL)
INSERT INTO temporada VALUES (9,17,0,NULL)
INSERT INTO temporada VALUES (21,17,14,NULL)
INSERT INTO temporada VALUES (4,17,0,NULL)
INSERT INTO temporada VALUES (10,17,0,NULL)
INSERT INTO temporada VALUES (44,18,2,NULL)
INSERT INTO temporada VALUES (6,18,1,NULL)
INSERT INTO temporada VALUES (3,18,0,NULL)
INSERT INTO temporada VALUES (77,18,10,NULL)
INSERT INTO temporada VALUES (1,18,5,NULL)
INSERT INTO temporada VALUES (14,18,6,NULL)
INSERT INTO temporada VALUES (19,18,3,NULL)
INSERT INTO temporada VALUES (22,18,4,NULL)
INSERT INTO temporada VALUES (27,18,8,NULL)
INSERT INTO temporada VALUES (11,18,15,NULL)
INSERT INTO temporada VALUES (20,18,9,NULL)
INSERT INTO temporada VALUES (7,18,7,NULL)
INSERT INTO temporada VALUES (25,18,13,NULL)
INSERT INTO temporada VALUES (8,18,17,NULL)
INSERT INTO temporada VALUES (26,18,11,NULL)
INSERT INTO temporada VALUES (13,18,12,NULL)
INSERT INTO temporada VALUES (17,18,0,NULL)
INSERT INTO temporada VALUES (99,18,16,NULL)
INSERT INTO temporada VALUES (9,18,0,NULL)
INSERT INTO temporada VALUES (21,18,14,NULL)
INSERT INTO temporada VALUES (4,18,0,NULL)
INSERT INTO temporada VALUES (10,18,0,NULL)
INSERT INTO temporada VALUES (44,19,1,NULL)
INSERT INTO temporada VALUES (6,19,14,NULL)
INSERT INTO temporada VALUES (3,19,4,NULL)
INSERT INTO temporada VALUES (77,19,3,NULL)
INSERT INTO temporada VALUES (1,19,8,NULL)
INSERT INTO temporada VALUES (14,19,9,NULL)
INSERT INTO temporada VALUES (19,19,2,NULL)
INSERT INTO temporada VALUES (22,19,5,NULL)
INSERT INTO temporada VALUES (27,19,6,NULL)
INSERT INTO temporada VALUES (11,19,7,NULL)
INSERT INTO temporada VALUES (20,19,11,NULL)
INSERT INTO temporada VALUES (7,19,10,NULL)
INSERT INTO temporada VALUES (25,19,12,NULL)
INSERT INTO temporada VALUES (8,19,13,NULL)
INSERT INTO temporada VALUES (26,19,0,NULL)
INSERT INTO temporada VALUES (13,19,0,NULL)
INSERT INTO temporada VALUES (17,19,0,NULL)
INSERT INTO temporada VALUES (99,19,16,NULL)
INSERT INTO temporada VALUES (9,19,0,NULL)
INSERT INTO temporada VALUES (21,19,15,NULL)
INSERT INTO temporada VALUES (4,19,0,NULL)
INSERT INTO temporada VALUES (10,19,0,NULL)
INSERT INTO temporada VALUES (46,19,17,NULL)

UPDATE temporada SET pontos = 25 WHERE posicao = 1
UPDATE temporada SET pontos = 18 WHERE posicao = 2
UPDATE temporada SET pontos = 15 WHERE posicao = 3
UPDATE temporada SET pontos = 12 WHERE posicao = 4
UPDATE temporada SET pontos = 10 WHERE posicao = 5
UPDATE temporada SET pontos = 8 WHERE posicao = 6
UPDATE temporada SET pontos = 6 WHERE posicao = 7
UPDATE temporada SET pontos = 4 WHERE posicao = 8
UPDATE temporada SET pontos = 2 WHERE posicao = 9
UPDATE temporada SET pontos = 1 WHERE posicao = 10
UPDATE temporada SET pontos = 0 WHERE pontos IS NULL
UPDATE temporada SET pontos = pontos * 2 WHERE codigo_corrida = 19

/* 
Considerando o DER que será passado em lousa
(Avisar ao professor caso ele não tenha passado)
e os dados inseridos acima, fazer 2 consultas
que resultem no resultado final da temporada 2014
da F1.
A consulta 1 deve retornar a seguinte tabela de
saída:
(Numero_Piloto | Nome_Piloto | Equipe | Total_Pontos)
A ordem de saída deve ser da maior pontuação para 
a menor, o que demonstra o campeão, vice e assim 
por diante.

A consulta 2 deve retornar a seguinte tabela de
saída:
(Equipe | Total_Pontos_Equipe)
A ordem de saída deve ser da maior pontuação para 
a menor, o que demonstra a equipe campeão, a vice 
e assim por diante.

AS saídas devem bater com os dados em
http://pt.wikipedia.org/wiki/Temporada_de_F%C3%B3rmula_1_de_2014
*/

SELECT nome, equipe, numero_piloto, pontos
FROM piloto, temporada
ORDER BY numero_piloto, nome, equipe, pontos ASC

SELECT equipe, pontos
FROM piloto, temporada
ORDER BY equipe, pontos ASC